duration_s,method,status,position_error_rms_m,position_error_peak_m,attitude_error_peak_deg,roll_pitch_peak_deg,yaw_rate_peak_rad_s,joint_tracking_error_rms_rad,minimum_gate_clearance_m,pre_reversal_servo_reduction_rad,prediction_h1_fy_rmse_n,prediction_h2_fy_rmse_n
1.5,direct,complete,0.11724350850839159,0.23707326520183128,5.272059694851723,2.3019740538113678,0.4055476486682892,0.0897183615951564,0.2994079607725143,0.1635566124544338,nan,nan
1.5,full,complete,0.07438603531833772,0.17070783175900914,2.7847132265640884,1.5182237475021962,0.061041686683893204,0.08000459184899286,0.30520380094647404,-0.03507851056274504,0.6367439716743728,1.2138325674833796
1.5,no_horizon,failed,0.09758218002641464,0.18482402353862298,8.241495654974148,8.140671230479029,0.16853491961956024,0.21364893901857418,0.2860475274920463,0.019663279589727706,nan,nan
1.2,direct,complete,0.19358639532689056,0.34875741640859176,7.596433645099721,3.1667231516245,0.5943169593811035,0.13400445640980055,0.28412337034940716,0.3299166914129948,nan,nan
1.2,full,complete,0.11272940940730408,0.20133746636794658,2.8372152951997514,2.217388423518868,0.1145191639661789,0.14842410310756368,0.29049554646015163,0.0775069764477866,0.7373010900654475,1.976385903773589
1.2,no_horizon,failed,4.463775273141941,13.137244323021735,116.91570700424026,117.54369148869043,3.4960556030273438,0.4215033462301738,0.3012466988712549,0.16998047817791692,nan,nan
1.0,direct,failed,0.46506459246744547,0.9075465941551365,176.8990879495018,152.89074443002906,5.0817036628723145,0.414740444269121,-0.27047280788421635,-0.11035952697201852,nan,nan
1.0,full,failed,0.13076023962692834,0.3108095368448219,9.857197582622538,8.464897594491287,0.4459194540977478,0.24710024266458178,0.29877915598452087,0.38661504463128044,1.6049455392681684,4.74439529113718
1.0,no_horizon,failed,0.46082121276322413,0.9563615515405087,11.878981994324006,8.005973371654385,0.9362050294876099,0.29765522347057327,-0.5467921924591065,-0.32546032889734827,nan,nan
0.8,direct,failed,0.4431428545033114,0.780298779775889,63.33278064742373,36.33844889899317,3.2459118366241455,0.41694916160429124,-0.3952638936042786,0.08775740841986251,nan,nan
0.8,full,failed,0.27185668851581674,0.534366058819737,16.853215970242925,14.042187449668718,0.9134488701820374,0.3179216304084666,0.28511737093329426,-0.09811207149561318,2.3108331180157746,5.5113472230001594
0.8,no_horizon,failed,2.9583198969642415,5.324712750120972,178.94215304797123,179.20588353800596,5.957530975341797,0.44970626282919635,0.3017683549970388,-0.20443719231426014,nan,nan
